month,churn_rate
2023-01,0.18867924528301883
2023-02,0.24
2023-03,0.11538461538461542
2023-04,0.09375
2023-05,0.1402439024390244
2023-06,0.15642458100558654
2023-07,0.1465968586387435
2023-08,0.09047619047619049
2023-09,0.14537444933920707
2023-10,0.1694915254237288
2023-11,0.14163090128755362
2023-12,0.12704918032786883
2024-01,0.17840375586854462
2024-02,0.1885714285714286
2024-03,0.12676056338028174
2024-04,0.12903225806451613
2024-05,0.10185185185185186
